i1800017759,22101
i1700017777,22102
i1900012998,22103
i1900012913,22104
i1900012939,22105
i1900012997,22106
i1900012450,22107
i1900013051,22108
i1900011019,22109
i1900012944,22110
i1800013128,22111
i1800011314,22112
i1900011029,22113
i1900012906,22114
i1900012983,22115
i1800013507,22116
i1900094809,22117
i1900013031,22118
i1900012746,22119
i1900017708,22120
i1900017802,22121
i1900013035,22122
i1900017791,22123
i1900094810,22124
i1900013063,22125
i1900012909,22126
i1900012919,22127
i1900012923,22128
i1900013074,22129
i1900017816,22130
i1900012934,22131
i1900012993,22132
i1900013098,22133
i1900012926,22134
i1900012914,22135
i1900017804,22136
i1900017838,22137
i1900012958,22138
i1800011036,22139
i1900012941,22140
i1900013010,22141
i1900013017,22142
i1900013009,22143
i1900011625,22144
i1900013066,22145
i1900017857,22146
i1800011747,22147
i1900012933,22148
i1900017848,22149
i1900012797,22150
i1900012996,22151
i1900017854,22152
i1900013097,22153
i1900013022,22154
i1900013036,22155
i1900013042,22156
i1900013064,22157
i1900012974,22158
i1900013000,22159
i1900094619,22160
i1900012908,22161
i1900013030,22162
i1900013058,22163
i1900017865,22164
i1900017874,22165
i1900013021,22166
i1900013067,22167
i1900013044,22168
i1900013054,22169
i1900013061,22170
i1900012961,22171
i1900012981,22172
i1900012989,22173
i1500094802,22174
i1900012980,22175
i1500012167,22176
i1600012621,22177
i1900012780,22178
i1900012994,22179
i1900012957,22180
i1900013056,22181
i1900013062,22182
i1900013100,22183
i1900013522,22184
i1900094811,22185
i1900012725,22186
i1900012995,22187
i1900011359,22188
i1900094807,22189
i1900012969,22190
i1700094804,22191
i1800017852,22192
i1900012946,22193
i1900013359,22194
i1800017824,22195
i1900013525,22196
i1900017737,22197
i1600013031,22198
i1900013020,22199
i1900013019,22200
i1900013059,22201
i1900012967,22202
i1900013026,22203
i1900013007,22204
i1900012432,22205
i1700012811,22206
i1900013001,22207
i1600017721,22208
i1700011744,22209
i1700012762,22210
i1700012932,22211
i1900012976,22212
i1900013029,22213
i1700013516,22214
i1900012203,22215
i1900012945,22216
i1700012946,22217
i1900013094,22218
i1900013101,22219
i1900013006,22220
i1900012966,22221
i1900012915,22222
i1700012948,22223
i1700012969,22224
i1700017769,22225
i1900094804,22226
i1800013519,22227
i1900013025,22228
i1900013540,22229
i1900013072,22230
i1800011848,22231
i1900013043,22232
i1900013055,22233
i1800012771,22234
i1900013082,22235
i1800012454,22236
i1900013106,22237
i1800011075,22238
i1800012458,22239
i1800012986,22240
i1900012785,22241
i1800013070,22242
i1800012942,22243
i1900016627,22244
i1900012920,22245
i1900013070,22246
i1800012811,22247
i1900012929,22248
i1900013095,22249
i1800012428,22250
i1900012907,22251
i1900017781,22252
i1800012989,22253
i1800013203,22254
i1800013129,22255
i1800013084,22256
i1900012977,22257
i1800011778,22258
i1900013048,22259
i1900012916,22260
i1900012731,22261
i1800013107,22262
i1900013052,22263
i1900013096,22264
i1900017796,22265
i1800011072,22266
i1800013351,22267
i1800017730,22268
i1900012965,22269
i1800013236,22270
i1800017771,22271
i1900012987,22272
i1800015807,22273
i1900012786,22274
i1900013023,22275
i1900017808,22276
i1900012925,22277
i1900013085,22278
i1900013091,22279
i1800017788,22280
i1900011040,22281
i1900094806,22282
i1900013018,22283
i1900012936,22284
i1900012924,22285
i1800094802,22286
i1900013013,22287
i1800018603,22288
i1900013105,22289
i1900011003,22290
i1900012917,22291
i1900013027,22292
i1900017833,22293
i1900013223,22294
i1900011358,22295
i1900011729,22296
i1900011830,22297
i1900013002,22298
i1900011306,22299
i1900012172,22300
i1900013078,22301
i1900011804,22302
i1700017490,22303
i1900094812,22304
i1900013088,22305
i1900013089,22306
i1900012935,22307
i1800012936,22308
i1900012413,22309
i1900012455,22310
i1900013071,22311
i1900012938,22312
i1900012147,22313
i1900013024,22314
i1700017789,22315
i1900013371,22316
i1800013943,22317
i1900012777,22318
i1800012637,22319
i1900012990,22320
i1900013080,22321
i1900013264,22322
i1900012905,22323
i1900012931,22324
i1900012808,22325
i1900012937,22326
i1900017711,22327
i1900013053,22328
i1800015965,22329
i1900017735,22330
i1900011621,22331
i1900017748,22332
i1900017729,22333
i1900012971,22334
i1900013081,22335
i1900013084,22336
i1900012932,22337
i1900012968,22338
i1800011089,22339
i1900017793,22340
i1900017740,22341
i1800011766,22342
i1900013093,22343
i1900017762,22344
i1900017763,22345
i1900013047,22346
i1900012911,22347
i1900012978,22348
i1800013512,22349
i1900013076,22350
i1900012985,22351
i1900013003,22352
i1900017704,22353
i1800011103,22354
i1900012972,22355
i1900011438,22356
i1900012951,22357
i1900013090,22358
i1900094813,22359
i1900012904,22360
i1900013079,22361
i1900013092,22362
i1900017702,22363
i1900012988,22364
i1900013012,22365
i1900013038,22366
i1900017785,22367
i1900012999,22368
i1900013034,22369
i1900013050,22370
i1900012458,22371
i1900017731,22372
i1900013073,22373
i1900011102,22374
i1900011116,22375
i1900017794,22376
i1600012788,22377
i1800013229,22378
i1900013046,22379
i1900013060,22380
i1900012992,22381
i1900011634,22382
i1900012144,22383
i1900011601,22384
i1900013057,22385
i1900017798,22386
i1900012970,22387
i1900017734,22388
i1900017747,22389
i1900017805,22390
i1900012942,22391
i1900012742,22392
i1900013069,22393
i1900013077,22394
i1900017760,22395
i1900017817,22396
i1900013015,22397
i1900011027,22398
i1900012940,22399
i1900012782,22400
i1900017823,22401
i1900012921,22402
i1900012803,22403
i1900013068,22404
i1900017767,22405
i1900012955,22406
i1900013099,22407
i1900016614,22408
i1900012948,22409
i1900013049,22410
i1900013065,22411
i1900017772,22412
i1900013004,22413
i1800013026,22414
i1900017855,22415
i1900017836,22416
i1900013011,22417
i1900012982,22418
i1900011038,22419
i1900016633,22420
i1900017750,22421
i1900094801,22422
i1900013087,22423
i1900013086,22424
i1900018745,22425
i1900012947,22426
i1900017872,22427
i1900013234,22428
i1900017859,22429
i1900011117,22430
i1800011038,22431
i1900011033,22432
i1900013521,22433
i1900017768,22434
i1900017783,22435
i1700013023,22436
i1900013039,22437
i1900012741,22438
i1900012912,22439
i1900012964,22440
i1800011729,22441
i1900012973,22442
i1900012131,22443
i1900012984,22444
i1900016637,22445
i1900013040,22446
i1900013738,22447
i1900012918,22448
i1900013014,22449
i1800011723,22450
i1900012732,22451
i1900012928,22452
i1900012416,22453
i1900012960,22454
i1900012991,22455
i1900012943,22456
i1900012986,22457
i1900012949,22458
i1900012730,22459
i1900012956,22460
i1900013045,22461
i1900012979,22462
i1900012962,22463
i1900012902,22464
i1900013033,22465
i1900012952,22466
i1800010697,22467
i1900010746,22468
i1900012950,22469
i1900013041,22470
i1900012963,22471
i1900011638,22472
i1900012903,22473
i1900011302,22474
i1800013027,22475
i1900013037,22476
i1900013032,22477
i1900017765,22478
i1900013016,22479
i1900012901,22480
i1900013008,22481
i1900012954,22482
i1900013005,22483
i1900017746,22484
i1900012788,22485
i1900012959,22486
i1900012724,22487
i1900011753,22488
i1900012930,22489
